,p,k,n,rgap,time,||X - BZ||_F/(n*p),TPR,FPR
0,50,2,4,0.0,0.2575337886810303,0.004336553044580193,0.9999999999989999,0.4285714285713673
